{"v":"5.9.1","fr":15,"ip":0,"op":75,"w":300,"h":490,"nm":"Comp 1","ddd":0,"assets":[],"layers":[{"ddd":0,"ind":1,"ty":4,"nm":"Sign Board Outlines","sr":1,"ks":{"o":{"a":0,"k":100,"ix":11},"r":{"a":0,"k":0,"ix":10},"p":{"a":0,"k":[150,245,0],"ix":2,"l":2},"a":{"a":0,"k":[561,561,0],"ix":1,"l":2},"s":{"a":0,"k":[46,46,100],"ix":6,"l":2}},"ao":0,"shapes":[{"ty":"gr","it":[{"ty":"gr","it":[{"ind":0,"ty":"sh","ix":1,"ks":{"a":0,"k":{"i":[[0,0],[0,0],[0,0],[0,0],[0,0],[0,0],[0,0],[0,0],[0,0],[0,0],[0,0],[0,0]],"o":[[0,0],[0,0],[0,0],[0,0],[0,0],[0,0],[0,0],[0,0],[0,0],[0,0],[0,0],[0,0]],"v":[[-9.685,-23.084],[1.874,-21.548],[3.417,15.543],[3.998,15.619],[8.175,-20.71],[15.377,-19.752],[9.685,23.084],[-1.99,21.532],[-3.414,-15.571],[-3.994,-15.647],[-8.234,20.702],[-15.377,19.752]],"c":true},"ix":2},"nm":"Path 1","mn":"ADBE Vector Shape - Group","hd":false},{"ty":"fl","c":{"a":0,"k":[0,0,0,1],"ix":4},"o":{"a":0,"k":100,"ix":5},"r":1,"bm":0,"nm":"Fill 1","mn":"ADBE Vector Graphic - Fill","hd":false},{"ty":"tr","p":{"a":0,"k":[670.799,218.984],"ix":2},"a":{"a":0,"k":[0,0],"ix":1},"s":{"a":0,"k":[100,100],"ix":3},"r":{"a":0,"k":0,"ix":6},"o":{"a":0,"k":100,"ix":7},"sk":{"a":0,"k":0,"ix":4},"sa":{"a":0,"k":0,"ix":5},"nm":"Transform"}],"nm":"Group 36","np":2,"cix":2,"bm":0,"ix":1,"mn":"ADBE Vector Group","hd":false},{"ty":"gr","it":[{"ind":0,"ty":"sh","ix":1,"ks":{"a":0,"k":{"i":[[0,0],[0,0],[0,0],[0,0]],"o":[[0,0],[0,0],[0,0],[0,0]],"v":[[4.828,-14.557],[-0.716,4.922],[4.743,5.648],[5.06,-14.526]],"c":true},"ix":2},"nm":"Path 1","mn":"ADBE Vector Shape - Group","hd":false},{"ind":1,"ty":"sh","ix":2,"ks":{"a":0,"k":{"i":[[0,0],[0,0],[0,0],[0,0],[0,0],[0,0],[0,0],[0,0]],"o":[[0,0],[0,0],[0,0],[0,0],[0,0],[0,0],[0,0],[0,0]],"v":[[0.465,-22.643],[11.819,-21.133],[13.214,22.643],[4.646,21.505],[4.706,12.38],[-2.729,11.393],[-5.402,20.171],[-13.214,19.132]],"c":true},"ix":2},"nm":"Path 2","mn":"ADBE Vector Shape - Group","hd":false},{"ty":"mm","mm":1,"nm":"Merge Paths 1","mn":"ADBE Vector Filter - Merge","hd":false},{"ty":"fl","c":{"a":0,"k":[0,0,0,1],"ix":4},"o":{"a":0,"k":100,"ix":5},"r":1,"bm":0,"nm":"Fill 1","mn":"ADBE Vector Graphic - Fill","hd":false},{"ty":"tr","p":{"a":0,"k":[638.665,215.622],"ix":2},"a":{"a":0,"k":[0,0],"ix":1},"s":{"a":0,"k":[100,100],"ix":3},"r":{"a":0,"k":0,"ix":6},"o":{"a":0,"k":100,"ix":7},"sk":{"a":0,"k":0,"ix":4},"sa":{"a":0,"k":0,"ix":5},"nm":"Transform"}],"nm":"Group 37","np":4,"cix":2,"bm":0,"ix":2,"mn":"ADBE Vector Group","hd":false},{"ty":"gr","it":[{"ind":0,"ty":"sh","ix":1,"ks":{"a":0,"k":{"i":[[0,0],[0.346,0.884],[1.2,0.159],[0.578,-0.79],[0.36,-2.711],[0,0],[-0.346,-0.883],[-1.201,-0.16],[-0.576,0.781],[-0.361,2.711]],"o":[[0.368,-2.77],[-0.345,-0.882],[-1.182,-0.157],[-0.578,0.79],[0,0],[-0.365,2.75],[0.346,0.884],[1.181,0.156],[0.577,-0.78],[0,0]],"v":[[4.344,-8.464],[4.377,-13.943],[2.059,-15.507],[-0.58,-14.557],[-1.987,-9.306],[-4.342,8.409],[-4.371,13.858],[-2.052,15.423],[0.584,14.487],[1.99,9.251]],"c":true},"ix":2},"nm":"Path 1","mn":"ADBE Vector Shape - Group","hd":false},{"ind":1,"ty":"sh","ix":2,"ks":{"a":0,"k":{"i":[[0.77,-5.789],[0,0],[2.042,-1.944],[4.471,0.594],[1.455,2.391],[-0.777,5.847],[0,0],[-2.031,1.927],[-4.492,-0.597],[-1.456,-2.391]],"o":[[0,0],[-0.771,5.809],[-2.042,1.946],[-4.492,-0.597],[-1.456,-2.391],[0,0],[0.77,-5.789],[2.028,-1.927],[4.491,0.597],[1.456,2.39]],"v":[[12.885,-5.35],[11.052,8.445],[6.831,20.075],[-2.939,22.102],[-11.86,17.621],[-12.879,5.265],[-11.046,-8.53],[-6.846,-20.104],[2.935,-22.099],[11.856,-17.618]],"c":true},"ix":2},"nm":"Path 2","mn":"ADBE Vector Shape - Group","hd":false},{"ty":"mm","mm":1,"nm":"Merge Paths 1","mn":"ADBE Vector Filter - Merge","hd":false},{"ty":"fl","c":{"a":0,"k":[0,0,0,1],"ix":4},"o":{"a":0,"k":100,"ix":5},"r":1,"bm":0,"nm":"Fill 1","mn":"ADBE Vector Graphic - Fill","hd":false},{"ty":"tr","p":{"a":0,"k":[612.959,211.34],"ix":2},"a":{"a":0,"k":[0,0],"ix":1},"s":{"a":0,"k":[100,100],"ix":3},"r":{"a":0,"k":0,"ix":6},"o":{"a":0,"k":100,"ix":7},"sk":{"a":0,"k":0,"ix":4},"sa":{"a":0,"k":0,"ix":5},"nm":"Transform"}],"nm":"Group 38","np":4,"cix":2,"bm":0,"ix":3,"mn":"ADBE Vector Group","hd":false},{"ty":"gr","it":[{"ind":0,"ty":"sh","ix":1,"ks":{"a":0,"k":{"i":[[0,0],[0,0],[0,0],[0,0],[0,0],[0,0]],"o":[[0,0],[0,0],[0,0],[0,0],[0,0],[0,0]],"v":[[-4.242,-22.68],[4.587,-21.506],[-0.229,14.738],[9.935,16.089],[9.059,22.68],[-9.934,20.156]],"c":true},"ix":2},"nm":"Path 1","mn":"ADBE Vector Shape - Group","hd":false},{"ty":"fl","c":{"a":0,"k":[0,0,0,1],"ix":4},"o":{"a":0,"k":100,"ix":5},"r":1,"bm":0,"nm":"Fill 1","mn":"ADBE Vector Graphic - Fill","hd":false},{"ty":"tr","p":{"a":0,"k":[586.421,208.09],"ix":2},"a":{"a":0,"k":[0,0],"ix":1},"s":{"a":0,"k":[100,100],"ix":3},"r":{"a":0,"k":0,"ix":6},"o":{"a":0,"k":100,"ix":7},"sk":{"a":0,"k":0,"ix":4},"sa":{"a":0,"k":0,"ix":5},"nm":"Transform"}],"nm":"Group 39","np":2,"cix":2,"bm":0,"ix":4,"mn":"ADBE Vector Group","hd":false},{"ty":"gr","it":[{"ind":0,"ty":"sh","ix":1,"ks":{"a":0,"k":{"i":[[0,0],[0,0],[0,0],[0,0],[0,0],[0,0],[0,0],[0,0],[0,0],[0,0],[0,0],[0,0]],"o":[[0,0],[0,0],[0,0],[0,0],[0,0],[0,0],[0,0],[0,0],[0,0],[0,0],[0,0],[0,0]],"v":[[-5.938,-22.636],[11.631,-20.301],[10.751,-13.679],[2.01,-14.84],[0.613,-4.327],[8.745,-3.246],[7.865,3.374],[-0.267,2.295],[-1.927,14.783],[7.57,16.045],[6.694,22.636],[-11.631,20.2]],"c":true},"ix":2},"nm":"Path 1","mn":"ADBE Vector Shape - Group","hd":false},{"ty":"fl","c":{"a":0,"k":[0,0,0,1],"ix":4},"o":{"a":0,"k":100,"ix":5},"r":1,"bm":0,"nm":"Fill 1","mn":"ADBE Vector Graphic - Fill","hd":false},{"ty":"tr","p":{"a":0,"k":[551.758,203.213],"ix":2},"a":{"a":0,"k":[0,0],"ix":1},"s":{"a":0,"k":[100,100],"ix":3},"r":{"a":0,"k":0,"ix":6},"o":{"a":0,"k":100,"ix":7},"sk":{"a":0,"k":0,"ix":4},"sa":{"a":0,"k":0,"ix":5},"nm":"Transform"}],"nm":"Group 40","np":2,"cix":2,"bm":0,"ix":5,"mn":"ADBE Vector Group","hd":false},{"ty":"gr","it":[{"ind":0,"ty":"sh","ix":1,"ks":{"a":0,"k":{"i":[[0,0],[0,0],[0,0],[0,0],[0,0],[0,0],[0,0],[0,0],[0,0],[0,0],[0,0],[0,0],[0,0],[0,0],[0,0],[0,0]],"o":[[0,0],[0,0],[0,0],[0,0],[0,0],[0,0],[0,0],[0,0],[0,0],[0,0],[0,0],[0,0],[0,0],[0,0],[0,0],[0,0]],"v":[[-13.489,-23.589],[-1.409,-21.984],[-1.633,9.285],[-1.198,9.343],[7.276,-20.829],[19.182,-19.247],[13.49,23.589],[6.17,22.616],[10.841,-12.524],[10.289,-12.597],[0.623,21.879],[-7.276,20.829],[-7.021,-14.897],[-7.602,-14.975],[-12.271,20.166],[-19.182,19.247]],"c":true},"ix":2},"nm":"Path 1","mn":"ADBE Vector Shape - Group","hd":false},{"ty":"fl","c":{"a":0,"k":[0,0,0,1],"ix":4},"o":{"a":0,"k":100,"ix":5},"r":1,"bm":0,"nm":"Fill 1","mn":"ADBE Vector Graphic - Fill","hd":false},{"ty":"tr","p":{"a":0,"k":[520.655,199.03],"ix":2},"a":{"a":0,"k":[0,0],"ix":1},"s":{"a":0,"k":[100,100],"ix":3},"r":{"a":0,"k":0,"ix":6},"o":{"a":0,"k":100,"ix":7},"sk":{"a":0,"k":0,"ix":4},"sa":{"a":0,"k":0,"ix":5},"nm":"Transform"}],"nm":"Group 41","np":2,"cix":2,"bm":0,"ix":6,"mn":"ADBE Vector Group","hd":false},{"ty":"gr","it":[{"ind":0,"ty":"sh","ix":1,"ks":{"a":0,"k":{"i":[[0,0],[0.345,0.884],[1.201,0.16],[0.578,-0.79],[0.36,-2.711],[0,0],[-0.346,-0.882],[-1.2,-0.159],[-0.576,0.781],[-0.36,2.711]],"o":[[0.368,-2.769],[-0.346,-0.882],[-1.181,-0.156],[-0.578,0.789],[0,0],[-0.365,2.75],[0.346,0.884],[1.181,0.157],[0.576,-0.779],[0,0]],"v":[[4.345,-8.465],[4.379,-13.944],[2.06,-15.508],[-0.578,-14.557],[-1.987,-9.306],[-4.341,8.409],[-4.371,13.857],[-2.051,15.422],[0.586,14.486],[1.991,9.25]],"c":true},"ix":2},"nm":"Path 1","mn":"ADBE Vector Shape - Group","hd":false},{"ind":1,"ty":"sh","ix":2,"ks":{"a":0,"k":{"i":[[0.769,-5.789],[0,0],[2.042,-1.944],[4.472,0.595],[1.455,2.391],[-0.777,5.847],[0,0],[-2.03,1.927],[-4.492,-0.596],[-1.457,-2.391]],"o":[[0,0],[-0.771,5.809],[-2.042,1.946],[-4.492,-0.596],[-1.455,-2.391],[0,0],[0.769,-5.789],[2.028,-1.927],[4.492,0.598],[1.455,2.389]],"v":[[12.887,-5.35],[11.052,8.445],[6.832,20.075],[-2.939,22.101],[-11.859,17.621],[-12.879,5.264],[-11.044,-8.53],[-6.845,-20.104],[2.935,-22.1],[11.857,-17.618]],"c":true},"ix":2},"nm":"Path 2","mn":"ADBE Vector Shape - Group","hd":false},{"ty":"mm","mm":1,"nm":"Merge Paths 1","mn":"ADBE Vector Filter - Merge","hd":false},{"ty":"fl","c":{"a":0,"k":[0,0,0,1],"ix":4},"o":{"a":0,"k":100,"ix":5},"r":1,"bm":0,"nm":"Fill 1","mn":"ADBE Vector Graphic - Fill","hd":false},{"ty":"tr","p":{"a":0,"k":[486.425,194.524],"ix":2},"a":{"a":0,"k":[0,0],"ix":1},"s":{"a":0,"k":[100,100],"ix":3},"r":{"a":0,"k":0,"ix":6},"o":{"a":0,"k":100,"ix":7},"sk":{"a":0,"k":0,"ix":4},"sa":{"a":0,"k":0,"ix":5},"nm":"Transform"}],"nm":"Group 42","np":4,"cix":2,"bm":0,"ix":7,"mn":"ADBE Vector Group","hd":false},{"ty":"gr","it":[{"ind":0,"ty":"sh","ix":1,"ks":{"a":0,"k":{"i":[[0,0],[0,0],[0,0],[0,0],[0,0],[0,0],[0,0],[0,0],[0,0],[0,0],[0,0],[0,0]],"o":[[0,0],[0,0],[0,0],[0,0],[0,0],[0,0],[0,0],[0,0],[0,0],[0,0],[0,0],[0,0]],"v":[[-9.003,-22.993],[-0.174,-21.819],[-2.428,-4.859],[3.612,-4.056],[5.866,-21.017],[14.695,-19.843],[9.002,22.993],[0.173,21.819],[2.736,2.535],[-3.304,1.733],[-5.867,21.017],[-14.696,19.843]],"c":true},"ix":2},"nm":"Path 1","mn":"ADBE Vector Shape - Group","hd":false},{"ty":"fl","c":{"a":0,"k":[0,0,0,1],"ix":4},"o":{"a":0,"k":100,"ix":5},"r":1,"bm":0,"nm":"Fill 1","mn":"ADBE Vector Graphic - Fill","hd":false},{"ty":"tr","p":{"a":0,"k":[456.69,190.529],"ix":2},"a":{"a":0,"k":[0,0],"ix":1},"s":{"a":0,"k":[100,100],"ix":3},"r":{"a":0,"k":0,"ix":6},"o":{"a":0,"k":100,"ix":7},"sk":{"a":0,"k":0,"ix":4},"sa":{"a":0,"k":0,"ix":5},"nm":"Transform"}],"nm":"Group 43","np":2,"cix":2,"bm":0,"ix":8,"mn":"ADBE Vector Group","hd":false},{"ty":"gr","it":[{"ind":0,"ty":"sh","ix":1,"ks":{"a":0,"k":{"i":[[0,0],[7.556,1.004],[0,0],[5.852,7.455],[0,0],[-11.145,8.316],[0,0],[-9.5,-1.263],[0,0],[1.004,-7.556]],"o":[[-1.004,7.556],[0,0],[-9.5,-1.263],[0,0],[-8.586,-10.938],[0,0],[7.596,-5.668],[0,0],[7.555,1.004],[0,0]],"v":[[202.2,73.097],[186.701,84.96],[-152.767,39.847],[-176.741,26.233],[-207.532,-12.992],[-202.879,-48],[-162.913,-77.821],[-136.215,-84.701],[203.253,-39.588],[215.115,-24.089]],"c":true},"ix":2},"nm":"Path 1","mn":"ADBE Vector Shape - Group","hd":false},{"ty":"fl","c":{"a":0,"k":[0.968627510819,0.807843197093,0.137254901961,1],"ix":4},"o":{"a":0,"k":100,"ix":5},"r":1,"bm":0,"nm":"Fill 1","mn":"ADBE Vector Graphic - Fill","hd":false},{"ty":"tr","p":{"a":0,"k":[548.82,204.773],"ix":2},"a":{"a":0,"k":[0,0],"ix":1},"s":{"a":0,"k":[100,100],"ix":3},"r":{"a":0,"k":0,"ix":6},"o":{"a":0,"k":100,"ix":7},"sk":{"a":0,"k":0,"ix":4},"sa":{"a":0,"k":0,"ix":5},"nm":"Transform"}],"nm":"Group 44","np":2,"cix":2,"bm":0,"ix":9,"mn":"ADBE Vector Group","hd":false},{"ty":"tr","p":{"a":1,"k":[{"i":{"x":0,"y":1},"o":{"x":1,"y":0},"t":7.5,"s":[1133.028,204.802],"to":[-97.167,0],"ti":[97.167,0]},{"t":17.5,"s":[550.028,204.802]}],"ix":2},"a":{"a":0,"k":[550.028,204.802],"ix":1},"s":{"a":0,"k":[100,100],"ix":3},"r":{"a":0,"k":0,"ix":6},"o":{"a":0,"k":100,"ix":7},"sk":{"a":0,"k":0,"ix":4},"sa":{"a":0,"k":0,"ix":5},"nm":"Transform"}],"nm":"Group 49","np":9,"cix":2,"bm":0,"ix":1,"mn":"ADBE Vector Group","hd":false},{"ty":"gr","it":[{"ty":"gr","it":[{"ind":0,"ty":"sh","ix":1,"ks":{"a":0,"k":{"i":[[0,0],[0,0],[0,0],[0,0],[0,0],[0,0],[0,0],[0,0],[0,0],[0,0],[0,0],[0,0]],"o":[[0,0],[0,0],[0,0],[0,0],[0,0],[0,0],[0,0],[0,0],[0,0],[0,0],[0,0],[0,0]],"v":[[-12.641,-21.607],[-0.982,-21.607],[5.435,14.957],[6.021,14.957],[5.376,-21.607],[12.641,-21.607],[12.641,21.607],[0.865,21.607],[-5.435,-14.985],[-6.021,-14.985],[-5.435,21.607],[-12.641,21.607]],"c":true},"ix":2},"nm":"Path 1","mn":"ADBE Vector Shape - Group","hd":false},{"ty":"fl","c":{"a":0,"k":[0,0,0,1],"ix":4},"o":{"a":0,"k":100,"ix":5},"r":1,"bm":0,"nm":"Fill 1","mn":"ADBE Vector Graphic - Fill","hd":false},{"ty":"tr","p":{"a":0,"k":[715.699,373.113],"ix":2},"a":{"a":0,"k":[0,0],"ix":1},"s":{"a":0,"k":[100,100],"ix":3},"r":{"a":0,"k":0,"ix":6},"o":{"a":0,"k":100,"ix":7},"sk":{"a":0,"k":0,"ix":4},"sa":{"a":0,"k":0,"ix":5},"nm":"Transform"}],"nm":"Group 14","np":2,"cix":2,"bm":0,"ix":1,"mn":"ADBE Vector Group","hd":false},{"ty":"gr","it":[{"ind":0,"ty":"sh","ix":1,"ks":{"a":0,"k":{"i":[[0,0],[0,0],[0,0],[0,0]],"o":[[0,0],[0,0],[0,0],[0,0]],"v":[[0.117,-14.165],[-2.813,5.874],[2.695,5.874],[0.351,-14.165]],"c":true},"ix":2},"nm":"Path 1","mn":"ADBE Vector Shape - Group","hd":false},{"ind":1,"ty":"sh","ix":2,"ks":{"a":0,"k":{"i":[[0,0],[0,0],[0,0],[0,0],[0,0],[0,0],[0,0],[0,0]],"o":[[0,0],[0,0],[0,0],[0,0],[0,0],[0,0],[0,0],[0,0]],"v":[[-5.274,-21.606],[6.181,-21.606],[13.33,21.606],[4.687,21.606],[3.545,12.554],[-3.955,12.554],[-5.449,21.606],[-13.33,21.606]],"c":true},"ix":2},"nm":"Path 2","mn":"ADBE Vector Shape - Group","hd":false},{"ty":"mm","mm":1,"nm":"Merge Paths 1","mn":"ADBE Vector Filter - Merge","hd":false},{"ty":"fl","c":{"a":0,"k":[0,0,0,1],"ix":4},"o":{"a":0,"k":100,"ix":5},"r":1,"bm":0,"nm":"Fill 1","mn":"ADBE Vector Graphic - Fill","hd":false},{"ty":"tr","p":{"a":0,"k":[686.153,373.113],"ix":2},"a":{"a":0,"k":[0,0],"ix":1},"s":{"a":0,"k":[100,100],"ix":3},"r":{"a":0,"k":0,"ix":6},"o":{"a":0,"k":100,"ix":7},"sk":{"a":0,"k":0,"ix":4},"sa":{"a":0,"k":0,"ix":5},"nm":"Transform"}],"nm":"Group 15","np":4,"cix":2,"bm":0,"ix":2,"mn":"ADBE Vector Group","hd":false},{"ty":"gr","it":[{"ind":0,"ty":"sh","ix":1,"ks":{"a":0,"k":{"i":[[0,0],[0.459,0.831],[1.211,0],[0.469,-0.859],[0,-2.734],[0,0],[-0.459,-0.83],[-1.211,0],[-0.469,0.85],[0,2.734]],"o":[[0,-2.793],[-0.459,-0.83],[-1.192,0],[-0.468,0.86],[0,0],[0,2.774],[0.459,0.83],[1.191,0],[0.469,-0.85],[0,0]],"v":[[3.194,-8.965],[2.505,-14.4],[0,-15.645],[-2.49,-14.356],[-3.193,-8.965],[-3.193,8.906],[-2.505,14.311],[0,15.556],[2.491,14.282],[3.194,8.906]],"c":true},"ix":2},"nm":"Path 1","mn":"ADBE Vector Shape - Group","hd":false},{"ind":1,"ty":"sh","ix":2,"ks":{"a":0,"k":{"i":[[0,-5.84],[0,0],[1.767,-2.197],[4.511,0],[1.758,2.178],[0,5.898],[0,0],[-1.758,2.177],[-4.532,0],[-1.758,-2.178]],"o":[[0,0],[0,5.859],[-1.768,2.197],[-4.532,0],[-1.758,-2.178],[0,0],[0,-5.84],[1.758,-2.178],[4.531,0],[1.758,2.177]],"v":[[12.07,-7.002],[12.07,6.914],[9.419,18.999],[0,22.295],[-9.433,19.028],[-12.07,6.914],[-12.07,-7.002],[-9.433,-19.028],[0,-22.295],[9.434,-19.028]],"c":true},"ix":2},"nm":"Path 2","mn":"ADBE Vector Shape - Group","hd":false},{"ty":"mm","mm":1,"nm":"Merge Paths 1","mn":"ADBE Vector Filter - Merge","hd":false},{"ty":"fl","c":{"a":0,"k":[0,0,0,1],"ix":4},"o":{"a":0,"k":100,"ix":5},"r":1,"bm":0,"nm":"Fill 1","mn":"ADBE Vector Graphic - Fill","hd":false},{"ty":"tr","p":{"a":0,"k":[657.354,373.157],"ix":2},"a":{"a":0,"k":[0,0],"ix":1},"s":{"a":0,"k":[100,100],"ix":3},"r":{"a":0,"k":0,"ix":6},"o":{"a":0,"k":100,"ix":7},"sk":{"a":0,"k":0,"ix":4},"sa":{"a":0,"k":0,"ix":5},"nm":"Transform"}],"nm":"Group 16","np":4,"cix":2,"bm":0,"ix":3,"mn":"ADBE Vector Group","hd":false},{"ty":"gr","it":[{"ind":0,"ty":"sh","ix":1,"ks":{"a":0,"k":{"i":[[0,0],[0,0],[0,0],[0,0],[0,0],[0,0]],"o":[[0,0],[0,0],[0,0],[0,0],[0,0],[0,0]],"v":[[-9.58,-21.607],[-0.674,-21.607],[-0.674,14.957],[9.58,14.957],[9.58,21.607],[-9.58,21.607]],"c":true},"ix":2},"nm":"Path 1","mn":"ADBE Vector Shape - Group","hd":false},{"ty":"fl","c":{"a":0,"k":[0,0,0,1],"ix":4},"o":{"a":0,"k":100,"ix":5},"r":1,"bm":0,"nm":"Fill 1","mn":"ADBE Vector Graphic - Fill","hd":false},{"ty":"tr","p":{"a":0,"k":[633.009,373.113],"ix":2},"a":{"a":0,"k":[0,0],"ix":1},"s":{"a":0,"k":[100,100],"ix":3},"r":{"a":0,"k":0,"ix":6},"o":{"a":0,"k":100,"ix":7},"sk":{"a":0,"k":0,"ix":4},"sa":{"a":0,"k":0,"ix":5},"nm":"Transform"}],"nm":"Group 17","np":2,"cix":2,"bm":0,"ix":4,"mn":"ADBE Vector Group","hd":false},{"ty":"gr","it":[{"ind":0,"ty":"sh","ix":1,"ks":{"a":0,"k":{"i":[[0,-3.379],[0,0],[0,0],[0,0],[0.332,0.469],[0.821,0],[0.313,-0.459],[0,-1.172],[0,0],[-0.537,-0.85],[-1.523,-1.133],[0,0],[-0.391,-0.293],[-0.645,-1.075],[-0.215,-0.986],[0,-1.387],[0,0],[2.06,-1.797],[3.828,0],[1.709,1.68],[0,3.887],[0,0],[0,0],[0,0],[-0.391,-0.557],[-0.937,0],[-0.371,0.518],[0,1.406],[0,0],[0.527,0.889],[1.972,1.446],[0,0],[0.762,1.504],[0,2.07],[0,0],[-2.1,1.787],[-3.516,0],[-1.699,-1.729]],"o":[[0,0],[0,0],[0,0],[0,-1.152],[-0.332,-0.468],[-0.801,0],[-0.312,0.459],[0,0],[0,1.093],[0.537,0.849],[0,0],[0.196,0.137],[1.758,1.289],[0.488,0.8],[0.215,0.987],[0,0],[0,3.339],[-2.061,1.797],[-3.907,0],[-1.709,-1.679],[0,0],[0,0],[0,0],[0,1.328],[0.391,0.556],[0.938,0],[0.371,-0.517],[0,0],[0,-1.211],[-0.528,-0.888],[0,0],[-1.757,-1.309],[-0.762,-1.504],[0,0],[0,-2.911],[2.1,-1.787],[3.32,0],[1.699,1.728]],"v":[[11.104,-12.041],[11.104,-8.789],[2.402,-8.789],[2.402,-12.627],[1.904,-15.059],[0.175,-15.762],[-1.495,-15.073],[-1.963,-12.627],[-1.963,-9.814],[-1.158,-6.899],[1.933,-3.926],[5.595,-1.172],[6.474,-0.527],[10.078,3.018],[11.133,5.698],[11.456,9.258],[11.456,11.895],[8.365,19.6],[-0.469,22.295],[-8.892,19.775],[-11.456,11.426],[-11.456,8.232],[-2.52,8.232],[-2.52,11.895],[-1.934,14.722],[0.058,15.557],[2.021,14.78],[2.578,11.895],[2.578,10.225],[1.787,7.075],[-1.963,3.574],[-5.625,0.791],[-9.405,-3.428],[-10.547,-8.789],[-10.547,-12.568],[-7.398,-19.614],[1.026,-22.295],[8.555,-19.702]],"c":true},"ix":2},"nm":"Path 1","mn":"ADBE Vector Shape - Group","hd":false},{"ty":"fl","c":{"a":0,"k":[0,0,0,1],"ix":4},"o":{"a":0,"k":100,"ix":5},"r":1,"bm":0,"nm":"Fill 1","mn":"ADBE Vector Graphic - Fill","hd":false},{"ty":"tr","p":{"a":0,"k":[593.487,373.157],"ix":2},"a":{"a":0,"k":[0,0],"ix":1},"s":{"a":0,"k":[100,100],"ix":3},"r":{"a":0,"k":0,"ix":6},"o":{"a":0,"k":100,"ix":7},"sk":{"a":0,"k":0,"ix":4},"sa":{"a":0,"k":0,"ix":5},"nm":"Transform"}],"nm":"Group 18","np":2,"cix":2,"bm":0,"ix":5,"mn":"ADBE Vector Group","hd":false},{"ty":"gr","it":[{"ind":0,"ty":"sh","ix":1,"ks":{"a":0,"k":{"i":[[0,-3.379],[0,0],[0,0],[0,0],[0.332,0.469],[0.821,0],[0.313,-0.459],[0,-1.172],[0,0],[-0.537,-0.85],[-1.523,-1.133],[0,0],[-0.391,-0.293],[-0.645,-1.075],[-0.215,-0.986],[0,-1.387],[0,0],[2.06,-1.797],[3.828,0],[1.709,1.68],[0,3.887],[0,0],[0,0],[0,0],[-0.391,-0.557],[-0.937,0],[-0.371,0.518],[0,1.406],[0,0],[0.527,0.889],[1.972,1.446],[0,0],[0.761,1.504],[0,2.07],[0,0],[-2.1,1.787],[-3.516,0],[-1.699,-1.729]],"o":[[0,0],[0,0],[0,0],[0,-1.152],[-0.332,-0.468],[-0.801,0],[-0.312,0.459],[0,0],[0,1.093],[0.537,0.849],[0,0],[0.196,0.137],[1.758,1.289],[0.488,0.8],[0.215,0.987],[0,0],[0,3.339],[-2.061,1.797],[-3.907,0],[-1.709,-1.679],[0,0],[0,0],[0,0],[0,1.328],[0.391,0.556],[0.938,0],[0.371,-0.517],[0,0],[0,-1.211],[-0.528,-0.888],[0,0],[-1.758,-1.309],[-0.762,-1.504],[0,0],[0,-2.911],[2.099,-1.787],[3.32,0],[1.699,1.728]],"v":[[11.104,-12.041],[11.104,-8.789],[2.402,-8.789],[2.402,-12.627],[1.904,-15.059],[0.175,-15.762],[-1.495,-15.073],[-1.963,-12.627],[-1.963,-9.814],[-1.158,-6.899],[1.933,-3.926],[5.595,-1.172],[6.474,-0.527],[10.078,3.018],[11.133,5.698],[11.456,9.258],[11.456,11.895],[8.365,19.6],[-0.469,22.295],[-8.893,19.775],[-11.456,11.426],[-11.456,8.232],[-2.52,8.232],[-2.52,11.895],[-1.934,14.722],[0.058,15.557],[2.021,14.78],[2.578,11.895],[2.578,10.225],[1.787,7.075],[-1.963,3.574],[-5.625,0.791],[-9.405,-3.428],[-10.547,-8.789],[-10.547,-12.568],[-7.398,-19.614],[1.026,-22.295],[8.555,-19.702]],"c":true},"ix":2},"nm":"Path 1","mn":"ADBE Vector Shape - Group","hd":false},{"ty":"fl","c":{"a":0,"k":[0,0,0,1],"ix":4},"o":{"a":0,"k":100,"ix":5},"r":1,"bm":0,"nm":"Fill 1","mn":"ADBE Vector Graphic - Fill","hd":false},{"ty":"tr","p":{"a":0,"k":[565.948,373.157],"ix":2},"a":{"a":0,"k":[0,0],"ix":1},"s":{"a":0,"k":[100,100],"ix":3},"r":{"a":0,"k":0,"ix":6},"o":{"a":0,"k":100,"ix":7},"sk":{"a":0,"k":0,"ix":4},"sa":{"a":0,"k":0,"ix":5},"nm":"Transform"}],"nm":"Group 19","np":2,"cix":2,"bm":0,"ix":6,"mn":"ADBE Vector Group","hd":false},{"ty":"gr","it":[{"ind":0,"ty":"sh","ix":1,"ks":{"a":0,"k":{"i":[[0,0],[0,0],[0,0],[0,0],[0,0],[0,0],[0,0],[0,0],[0,0],[0,0],[0,0],[0,0]],"o":[[0,0],[0,0],[0,0],[0,0],[0,0],[0,0],[0,0],[0,0],[0,0],[0,0],[0,0],[0,0]],"v":[[-9.243,-21.607],[8.482,-21.607],[8.482,-14.926],[-0.337,-14.926],[-0.337,-4.321],[7.866,-4.321],[7.866,2.359],[-0.337,2.359],[-0.337,14.957],[9.243,14.957],[9.243,21.607],[-9.243,21.607]],"c":true},"ix":2},"nm":"Path 1","mn":"ADBE Vector Shape - Group","hd":false},{"ty":"fl","c":{"a":0,"k":[0,0,0,1],"ix":4},"o":{"a":0,"k":100,"ix":5},"r":1,"bm":0,"nm":"Fill 1","mn":"ADBE Vector Graphic - Fill","hd":false},{"ty":"tr","p":{"a":0,"k":[540.913,373.113],"ix":2},"a":{"a":0,"k":[0,0],"ix":1},"s":{"a":0,"k":[100,100],"ix":3},"r":{"a":0,"k":0,"ix":6},"o":{"a":0,"k":100,"ix":7},"sk":{"a":0,"k":0,"ix":4},"sa":{"a":0,"k":0,"ix":5},"nm":"Transform"}],"nm":"Group 20","np":2,"cix":2,"bm":0,"ix":7,"mn":"ADBE Vector Group","hd":false},{"ty":"gr","it":[{"ind":0,"ty":"sh","ix":1,"ks":{"a":0,"k":{"i":[[0,0],[0,0],[0,0],[0,0],[0,0],[0,0],[0,0],[0,0],[0,0],[0,0],[0,0],[0,0]],"o":[[0,0],[0,0],[0,0],[0,0],[0,0],[0,0],[0,0],[0,0],[0,0],[0,0],[0,0],[0,0]],"v":[[-12.642,-21.607],[-0.982,-21.607],[5.434,14.957],[6.02,14.957],[5.376,-21.607],[12.641,-21.607],[12.641,21.607],[0.864,21.607],[-5.435,-14.985],[-6.021,-14.985],[-5.435,21.607],[-12.642,21.607]],"c":true},"ix":2},"nm":"Path 1","mn":"ADBE Vector Shape - Group","hd":false},{"ty":"fl","c":{"a":0,"k":[0,0,0,1],"ix":4},"o":{"a":0,"k":100,"ix":5},"r":1,"bm":0,"nm":"Fill 1","mn":"ADBE Vector Graphic - Fill","hd":false},{"ty":"tr","p":{"a":0,"k":[512.935,373.113],"ix":2},"a":{"a":0,"k":[0,0],"ix":1},"s":{"a":0,"k":[100,100],"ix":3},"r":{"a":0,"k":0,"ix":6},"o":{"a":0,"k":100,"ix":7},"sk":{"a":0,"k":0,"ix":4},"sa":{"a":0,"k":0,"ix":5},"nm":"Transform"}],"nm":"Group 21","np":2,"cix":2,"bm":0,"ix":8,"mn":"ADBE Vector Group","hd":false},{"ty":"gr","it":[{"ind":0,"ty":"sh","ix":1,"ks":{"a":0,"k":{"i":[[0,0],[0,0],[0,0],[0,0]],"o":[[0,0],[0,0],[0,0],[0,0]],"v":[[-4.468,-21.607],[4.468,-21.607],[4.468,21.607],[-4.468,21.607]],"c":true},"ix":2},"nm":"Path 1","mn":"ADBE Vector Shape - Group","hd":false},{"ty":"fl","c":{"a":0,"k":[0,0,0,1],"ix":4},"o":{"a":0,"k":100,"ix":5},"r":1,"bm":0,"nm":"Fill 1","mn":"ADBE Vector Graphic - Fill","hd":false},{"ty":"tr","p":{"a":0,"k":[489.556,373.112],"ix":2},"a":{"a":0,"k":[0,0],"ix":1},"s":{"a":0,"k":[100,100],"ix":3},"r":{"a":0,"k":0,"ix":6},"o":{"a":0,"k":100,"ix":7},"sk":{"a":0,"k":0,"ix":4},"sa":{"a":0,"k":0,"ix":5},"nm":"Transform"}],"nm":"Group 22","np":2,"cix":2,"bm":0,"ix":9,"mn":"ADBE Vector Group","hd":false},{"ty":"gr","it":[{"ind":0,"ty":"sh","ix":1,"ks":{"a":0,"k":{"i":[[0,-3.379],[0,0],[0,0],[0,0],[0.332,0.469],[0.821,0],[0.313,-0.459],[0,-1.172],[0,0],[-0.537,-0.85],[-1.523,-1.133],[0,0],[-0.391,-0.293],[-0.645,-1.075],[-0.215,-0.986],[0,-1.387],[0,0],[2.06,-1.797],[3.828,0],[1.709,1.68],[0,3.887],[0,0],[0,0],[0,0],[-0.391,-0.557],[-0.937,0],[-0.371,0.518],[0,1.406],[0,0],[0.527,0.889],[1.972,1.446],[0,0],[0.762,1.504],[0,2.07],[0,0],[-2.1,1.787],[-3.516,0],[-1.699,-1.729]],"o":[[0,0],[0,0],[0,0],[0,-1.152],[-0.332,-0.468],[-0.801,0],[-0.312,0.459],[0,0],[0,1.093],[0.537,0.849],[0,0],[0.196,0.137],[1.758,1.289],[0.488,0.8],[0.215,0.987],[0,0],[0,3.339],[-2.061,1.797],[-3.907,0],[-1.709,-1.679],[0,0],[0,0],[0,0],[0,1.328],[0.391,0.556],[0.938,0],[0.371,-0.517],[0,0],[0,-1.211],[-0.528,-0.888],[0,0],[-1.757,-1.309],[-0.762,-1.504],[0,0],[0,-2.911],[2.1,-1.787],[3.32,0],[1.699,1.728]],"v":[[11.104,-12.041],[11.104,-8.789],[2.402,-8.789],[2.402,-12.627],[1.905,-15.059],[0.176,-15.762],[-1.495,-15.073],[-1.962,-12.627],[-1.962,-9.814],[-1.158,-6.899],[1.934,-3.926],[5.595,-1.172],[6.474,-0.527],[10.078,3.018],[11.133,5.698],[11.456,9.258],[11.456,11.895],[8.365,19.6],[-0.469,22.295],[-8.892,19.775],[-11.456,11.426],[-11.456,8.232],[-2.52,8.232],[-2.52,11.895],[-1.934,14.722],[0.059,15.557],[2.022,14.78],[2.578,11.895],[2.578,10.225],[1.788,7.075],[-1.962,3.574],[-5.625,0.791],[-9.405,-3.428],[-10.547,-8.789],[-10.547,-12.568],[-7.397,-19.614],[1.026,-22.295],[8.555,-19.702]],"c":true},"ix":2},"nm":"Path 1","mn":"ADBE Vector Shape - Group","hd":false},{"ty":"fl","c":{"a":0,"k":[0,0,0,1],"ix":4},"o":{"a":0,"k":100,"ix":5},"r":1,"bm":0,"nm":"Fill 1","mn":"ADBE Vector Graphic - Fill","hd":false},{"ty":"tr","p":{"a":0,"k":[468.155,373.157],"ix":2},"a":{"a":0,"k":[0,0],"ix":1},"s":{"a":0,"k":[100,100],"ix":3},"r":{"a":0,"k":0,"ix":6},"o":{"a":0,"k":100,"ix":7},"sk":{"a":0,"k":0,"ix":4},"sa":{"a":0,"k":0,"ix":5},"nm":"Transform"}],"nm":"Group 23","np":2,"cix":2,"bm":0,"ix":10,"mn":"ADBE Vector Group","hd":false},{"ty":"gr","it":[{"ind":0,"ty":"sh","ix":1,"ks":{"a":0,"k":{"i":[[0,0],[0,0],[0,0],[-0.43,-0.84],[-1.133,0],[-0.42,0.84],[0,2.754],[0,0],[0,0],[0,0],[1.748,-2.207],[4.453,0],[1.728,2.177],[0,5.899]],"o":[[0,0],[0,0],[0,2.754],[0.429,0.84],[1.113,0],[0.42,-0.84],[0,0],[0,0],[0,0],[0,5.84],[-1.748,2.207],[-4.434,0],[-1.729,-2.178],[0,0]],"v":[[-11.88,-21.973],[-2.974,-21.973],[-2.974,8.585],[-2.329,13.975],[0.015,15.235],[2.314,13.975],[2.944,8.585],[2.944,-21.973],[11.88,-21.973],[11.88,6.592],[9.258,18.663],[-0.044,21.973],[-9.287,18.707],[-11.88,6.592]],"c":true},"ix":2},"nm":"Path 1","mn":"ADBE Vector Shape - Group","hd":false},{"ty":"fl","c":{"a":0,"k":[0,0,0,1],"ix":4},"o":{"a":0,"k":100,"ix":5},"r":1,"bm":0,"nm":"Fill 1","mn":"ADBE Vector Graphic - Fill","hd":false},{"ty":"tr","p":{"a":0,"k":[439.341,373.479],"ix":2},"a":{"a":0,"k":[0,0],"ix":1},"s":{"a":0,"k":[100,100],"ix":3},"r":{"a":0,"k":0,"ix":6},"o":{"a":0,"k":100,"ix":7},"sk":{"a":0,"k":0,"ix":4},"sa":{"a":0,"k":0,"ix":5},"nm":"Transform"}],"nm":"Group 24","np":2,"cix":2,"bm":0,"ix":11,"mn":"ADBE Vector Group","hd":false},{"ty":"gr","it":[{"ind":0,"ty":"sh","ix":1,"ks":{"a":0,"k":{"i":[[0,0],[0,0],[0,0],[-0.742,0.762],[0,1.992],[0,0],[0.743,0.752],[1.992,0]],"o":[[0,0],[0,0],[1.992,0],[0.743,-0.762],[0,0],[0,-2.011],[-0.742,-0.752],[0,0]],"v":[[-3.354,2.299],[-3.354,15.366],[-2.388,15.366],[1.714,14.223],[2.827,10.092],[2.827,7.572],[1.714,3.428],[-2.388,2.299]],"c":true},"ix":2},"nm":"Path 1","mn":"ADBE Vector Shape - Group","hd":false},{"ind":1,"ty":"sh","ix":2,"ks":{"a":0,"k":{"i":[[0,0],[0,0],[0,0],[-0.665,0.673],[0,1.699],[0,0],[0.664,0.654],[1.738,0]],"o":[[0,0],[0,0],[1.738,0],[0.664,-0.674],[0,0],[0,-1.718],[-0.665,-0.654],[0,0]],"v":[[-3.354,-15.22],[-3.354,-3.882],[-2.564,-3.882],[1.04,-4.892],[2.036,-8.452],[2.036,-10.679],[1.04,-14.238],[-2.564,-15.22]],"c":true},"ix":2},"nm":"Path 2","mn":"ADBE Vector Shape - Group","hd":false},{"ind":2,"ty":"sh","ix":3,"ks":{"a":0,"k":{"i":[[0,0],[0,0],[-1.846,-1.563],[0,-3.554],[0,0],[1.094,-1.474],[2.187,-0.489],[-1.24,-1.484],[0,-2.383],[0,0],[1.846,-1.563],[4.258,0],[0,0]],"o":[[0,0],[4.238,0],[1.846,1.562],[0,0],[0,2.48],[-1.094,1.475],[2.363,0.41],[1.24,1.485],[0,0],[0,3.555],[-1.846,1.562],[0,0],[0,0]],"v":[[-11.704,-21.606],[-0.893,-21.606],[8.232,-19.262],[11,-11.587],[11,-9.77],[9.361,-3.838],[4.439,-0.894],[9.844,1.947],[11.704,7.749],[11.704,11.587],[8.935,19.262],[-0.22,21.606],[-11.704,21.606]],"c":true},"ix":2},"nm":"Path 3","mn":"ADBE Vector Shape - Group","hd":false},{"ty":"mm","mm":1,"nm":"Merge Paths 1","mn":"ADBE Vector Filter - Merge","hd":false},{"ty":"fl","c":{"a":0,"k":[0,0,0,1],"ix":4},"o":{"a":0,"k":100,"ix":5},"r":1,"bm":0,"nm":"Fill 1","mn":"ADBE Vector Graphic - Fill","hd":false},{"ty":"tr","p":{"a":0,"k":[410.777,373.113],"ix":2},"a":{"a":0,"k":[0,0],"ix":1},"s":{"a":0,"k":[100,100],"ix":3},"r":{"a":0,"k":0,"ix":6},"o":{"a":0,"k":100,"ix":7},"sk":{"a":0,"k":0,"ix":4},"sa":{"a":0,"k":0,"ix":5},"nm":"Transform"}],"nm":"Group 25","np":5,"cix":2,"bm":0,"ix":12,"mn":"ADBE Vector Group","hd":false},{"ty":"gr","it":[{"ind":0,"ty":"sh","ix":1,"ks":{"a":0,"k":{"i":[[0,0],[-7.622,0],[0,0],[-6.783,6.619],[0,0],[9.952,9.712],[0,0],[9.584,0],[0,0],[0,-7.622]],"o":[[0,7.622],[0,0],[9.584,0],[0,0],[9.952,-9.711],[0,0],[-6.783,-6.619],[0,0],[-7.622,0],[0,0]],"v":[[-213.727,49.02],[-199.926,62.822],[142.526,62.822],[168.085,52.485],[203.775,17.658],[203.775,-17.658],[168.085,-52.484],[142.526,-62.822],[-199.926,-62.822],[-213.727,-49.02]],"c":true},"ix":2},"nm":"Path 1","mn":"ADBE Vector Shape - Group","hd":false},{"ty":"fl","c":{"a":0,"k":[0.968627510819,0.807843197093,0.137254901961,1],"ix":4},"o":{"a":0,"k":100,"ix":5},"r":1,"bm":0,"nm":"Fill 1","mn":"ADBE Vector Graphic - Fill","hd":false},{"ty":"tr","p":{"a":0,"k":[574.761,373.156],"ix":2},"a":{"a":0,"k":[0,0],"ix":1},"s":{"a":0,"k":[100,100],"ix":3},"r":{"a":0,"k":0,"ix":6},"o":{"a":0,"k":100,"ix":7},"sk":{"a":0,"k":0,"ix":4},"sa":{"a":0,"k":0,"ix":5},"nm":"Transform"}],"nm":"Group 26","np":2,"cix":2,"bm":0,"ix":13,"mn":"ADBE Vector Group","hd":false},{"ty":"tr","p":{"a":1,"k":[{"i":{"x":0,"y":1},"o":{"x":1,"y":0},"t":10,"s":[6.517,373.156],"to":[94.5,0],"ti":[-94.5,0]},{"t":20,"s":[573.517,373.156]}],"ix":2},"a":{"a":0,"k":[573.517,373.156],"ix":1},"s":{"a":0,"k":[100,100],"ix":3},"r":{"a":0,"k":0,"ix":6},"o":{"a":0,"k":100,"ix":7},"sk":{"a":0,"k":0,"ix":4},"sa":{"a":0,"k":0,"ix":5},"nm":"Transform"}],"nm":"Group 47","np":13,"cix":2,"bm":0,"ix":2,"mn":"ADBE Vector Group","hd":false},{"ty":"gr","it":[{"ty":"gr","it":[{"ind":0,"ty":"sh","ix":1,"ks":{"a":0,"k":{"i":[[0,0],[0,0],[0,0],[0,0],[0,0],[0,0],[0,0],[0,0],[0,0],[0,0],[0,0],[0,0]],"o":[[0,0],[0,0],[0,0],[0,0],[0,0],[0,0],[0,0],[0,0],[0,0],[0,0],[0,0],[0,0]],"v":[[-12.641,-21.606],[-0.982,-21.606],[5.435,14.957],[6.021,14.957],[5.376,-21.606],[12.641,-21.606],[12.641,21.606],[0.865,21.606],[-5.435,-14.985],[-6.021,-14.985],[-5.435,21.606],[-12.641,21.606]],"c":true},"ix":2},"nm":"Path 1","mn":"ADBE Vector Shape - Group","hd":false},{"ty":"fl","c":{"a":0,"k":[0,0,0,1],"ix":4},"o":{"a":0,"k":100,"ix":5},"r":1,"bm":0,"nm":"Fill 1","mn":"ADBE Vector Graphic - Fill","hd":false},{"ty":"tr","p":{"a":0,"k":[718.701,544.887],"ix":2},"a":{"a":0,"k":[0,0],"ix":1},"s":{"a":0,"k":[100,100],"ix":3},"r":{"a":0,"k":0,"ix":6},"o":{"a":0,"k":100,"ix":7},"sk":{"a":0,"k":0,"ix":4},"sa":{"a":0,"k":0,"ix":5},"nm":"Transform"}],"nm":"Group 1","np":2,"cix":2,"bm":0,"ix":1,"mn":"ADBE Vector Group","hd":false},{"ty":"gr","it":[{"ind":0,"ty":"sh","ix":1,"ks":{"a":0,"k":{"i":[[0,0],[0,0],[0,0],[0,0]],"o":[[0,0],[0,0],[0,0],[0,0]],"v":[[0.117,-14.165],[-2.813,5.874],[2.695,5.874],[0.351,-14.165]],"c":true},"ix":2},"nm":"Path 1","mn":"ADBE Vector Shape - Group","hd":false},{"ind":1,"ty":"sh","ix":2,"ks":{"a":0,"k":{"i":[[0,0],[0,0],[0,0],[0,0],[0,0],[0,0],[0,0],[0,0]],"o":[[0,0],[0,0],[0,0],[0,0],[0,0],[0,0],[0,0],[0,0]],"v":[[-5.274,-21.606],[6.181,-21.606],[13.33,21.606],[4.687,21.606],[3.545,12.554],[-3.955,12.554],[-5.449,21.606],[-13.33,21.606]],"c":true},"ix":2},"nm":"Path 2","mn":"ADBE Vector Shape - Group","hd":false},{"ty":"mm","mm":1,"nm":"Merge Paths 1","mn":"ADBE Vector Filter - Merge","hd":false},{"ty":"fl","c":{"a":0,"k":[0,0,0,1],"ix":4},"o":{"a":0,"k":100,"ix":5},"r":1,"bm":0,"nm":"Fill 1","mn":"ADBE Vector Graphic - Fill","hd":false},{"ty":"tr","p":{"a":0,"k":[689.156,544.887],"ix":2},"a":{"a":0,"k":[0,0],"ix":1},"s":{"a":0,"k":[100,100],"ix":3},"r":{"a":0,"k":0,"ix":6},"o":{"a":0,"k":100,"ix":7},"sk":{"a":0,"k":0,"ix":4},"sa":{"a":0,"k":0,"ix":5},"nm":"Transform"}],"nm":"Group 2","np":4,"cix":2,"bm":0,"ix":2,"mn":"ADBE Vector Group","hd":false},{"ty":"gr","it":[{"ind":0,"ty":"sh","ix":1,"ks":{"a":0,"k":{"i":[[0,0],[0.459,0.831],[1.211,0],[0.469,-0.859],[0,-2.734],[0,0],[-0.459,-0.83],[-1.211,0],[-0.469,0.85],[0,2.734]],"o":[[0,-2.793],[-0.459,-0.83],[-1.192,0],[-0.468,0.86],[0,0],[0,2.774],[0.459,0.83],[1.191,0],[0.469,-0.85],[0,0]],"v":[[3.194,-8.965],[2.505,-14.4],[0,-15.645],[-2.49,-14.356],[-3.193,-8.965],[-3.193,8.906],[-2.505,14.311],[0,15.557],[2.491,14.282],[3.194,8.906]],"c":true},"ix":2},"nm":"Path 1","mn":"ADBE Vector Shape - Group","hd":false},{"ind":1,"ty":"sh","ix":2,"ks":{"a":0,"k":{"i":[[0,-5.84],[0,0],[1.767,-2.197],[4.511,0],[1.758,2.177],[0,5.898],[0,0],[-1.758,2.177],[-4.532,0],[-1.758,-2.178]],"o":[[0,0],[0,5.859],[-1.768,2.198],[-4.532,0],[-1.758,-2.178],[0,0],[0,-5.84],[1.758,-2.178],[4.531,0],[1.758,2.177]],"v":[[12.07,-7.002],[12.07,6.914],[9.419,18.998],[0,22.294],[-9.433,19.029],[-12.07,6.914],[-12.07,-7.002],[-9.433,-19.028],[0,-22.294],[9.434,-19.028]],"c":true},"ix":2},"nm":"Path 2","mn":"ADBE Vector Shape - Group","hd":false},{"ty":"mm","mm":1,"nm":"Merge Paths 1","mn":"ADBE Vector Filter - Merge","hd":false},{"ty":"fl","c":{"a":0,"k":[0,0,0,1],"ix":4},"o":{"a":0,"k":100,"ix":5},"r":1,"bm":0,"nm":"Fill 1","mn":"ADBE Vector Graphic - Fill","hd":false},{"ty":"tr","p":{"a":0,"k":[660.356,544.931],"ix":2},"a":{"a":0,"k":[0,0],"ix":1},"s":{"a":0,"k":[100,100],"ix":3},"r":{"a":0,"k":0,"ix":6},"o":{"a":0,"k":100,"ix":7},"sk":{"a":0,"k":0,"ix":4},"sa":{"a":0,"k":0,"ix":5},"nm":"Transform"}],"nm":"Group 3","np":4,"cix":2,"bm":0,"ix":3,"mn":"ADBE Vector Group","hd":false},{"ty":"gr","it":[{"ind":0,"ty":"sh","ix":1,"ks":{"a":0,"k":{"i":[[0,0],[0,0],[0,0],[0,0],[0,0],[0,0]],"o":[[0,0],[0,0],[0,0],[0,0],[0,0],[0,0]],"v":[[-9.58,-21.606],[-0.674,-21.606],[-0.674,14.957],[9.58,14.957],[9.58,21.606],[-9.58,21.606]],"c":true},"ix":2},"nm":"Path 1","mn":"ADBE Vector Shape - Group","hd":false},{"ty":"fl","c":{"a":0,"k":[0,0,0,1],"ix":4},"o":{"a":0,"k":100,"ix":5},"r":1,"bm":0,"nm":"Fill 1","mn":"ADBE Vector Graphic - Fill","hd":false},{"ty":"tr","p":{"a":0,"k":[636.011,544.887],"ix":2},"a":{"a":0,"k":[0,0],"ix":1},"s":{"a":0,"k":[100,100],"ix":3},"r":{"a":0,"k":0,"ix":6},"o":{"a":0,"k":100,"ix":7},"sk":{"a":0,"k":0,"ix":4},"sa":{"a":0,"k":0,"ix":5},"nm":"Transform"}],"nm":"Group 4","np":2,"cix":2,"bm":0,"ix":4,"mn":"ADBE Vector Group","hd":false},{"ty":"gr","it":[{"ind":0,"ty":"sh","ix":1,"ks":{"a":0,"k":{"i":[[0,0],[0,0],[0,0],[0,0],[0,0],[0,0]],"o":[[0,0],[0,0],[0,0],[0,0],[0,0],[0,0]],"v":[[-9.58,-21.606],[-0.674,-21.606],[-0.674,14.957],[9.58,14.957],[9.58,21.606],[-9.58,21.606]],"c":true},"ix":2},"nm":"Path 1","mn":"ADBE Vector Shape - Group","hd":false},{"ty":"fl","c":{"a":0,"k":[0,0,0,1],"ix":4},"o":{"a":0,"k":100,"ix":5},"r":1,"bm":0,"nm":"Fill 1","mn":"ADBE Vector Graphic - Fill","hd":false},{"ty":"tr","p":{"a":0,"k":[600.825,544.887],"ix":2},"a":{"a":0,"k":[0,0],"ix":1},"s":{"a":0,"k":[100,100],"ix":3},"r":{"a":0,"k":0,"ix":6},"o":{"a":0,"k":100,"ix":7},"sk":{"a":0,"k":0,"ix":4},"sa":{"a":0,"k":0,"ix":5},"nm":"Transform"}],"nm":"Group 5","np":2,"cix":2,"bm":0,"ix":5,"mn":"ADBE Vector Group","hd":false},{"ty":"gr","it":[{"ind":0,"ty":"sh","ix":1,"ks":{"a":0,"k":{"i":[[0,0],[0,0],[0,0],[0,0]],"o":[[0,0],[0,0],[0,0],[0,0]],"v":[[0.117,-14.165],[-2.813,5.874],[2.695,5.874],[0.351,-14.165]],"c":true},"ix":2},"nm":"Path 1","mn":"ADBE Vector Shape - Group","hd":false},{"ind":1,"ty":"sh","ix":2,"ks":{"a":0,"k":{"i":[[0,0],[0,0],[0,0],[0,0],[0,0],[0,0],[0,0],[0,0]],"o":[[0,0],[0,0],[0,0],[0,0],[0,0],[0,0],[0,0],[0,0]],"v":[[-5.274,-21.606],[6.181,-21.606],[13.33,21.606],[4.687,21.606],[3.545,12.554],[-3.955,12.554],[-5.449,21.606],[-13.33,21.606]],"c":true},"ix":2},"nm":"Path 2","mn":"ADBE Vector Shape - Group","hd":false},{"ty":"mm","mm":1,"nm":"Merge Paths 1","mn":"ADBE Vector Filter - Merge","hd":false},{"ty":"fl","c":{"a":0,"k":[0,0,0,1],"ix":4},"o":{"a":0,"k":100,"ix":5},"r":1,"bm":0,"nm":"Fill 1","mn":"ADBE Vector Graphic - Fill","hd":false},{"ty":"tr","p":{"a":0,"k":[574.341,544.887],"ix":2},"a":{"a":0,"k":[0,0],"ix":1},"s":{"a":0,"k":[100,100],"ix":3},"r":{"a":0,"k":0,"ix":6},"o":{"a":0,"k":100,"ix":7},"sk":{"a":0,"k":0,"ix":4},"sa":{"a":0,"k":0,"ix":5},"nm":"Transform"}],"nm":"Group 6","np":4,"cix":2,"bm":0,"ix":6,"mn":"ADBE Vector Group","hd":false},{"ty":"gr","it":[{"ind":0,"ty":"sh","ix":1,"ks":{"a":0,"k":{"i":[[0,0],[0,0],[0,0],[0,0],[0,0],[0,0],[0,0],[0,0],[0,0],[0,0],[0,0],[0,0]],"o":[[0,0],[0,0],[0,0],[0,0],[0,0],[0,0],[0,0],[0,0],[0,0],[0,0],[0,0],[0,0]],"v":[[-12.641,-21.606],[-0.982,-21.606],[5.435,14.957],[6.021,14.957],[5.376,-21.606],[12.641,-21.606],[12.641,21.606],[0.865,21.606],[-5.435,-14.985],[-6.021,-14.985],[-5.435,21.606],[-12.641,21.606]],"c":true},"ix":2},"nm":"Path 1","mn":"ADBE Vector Shape - Group","hd":false},{"ty":"fl","c":{"a":0,"k":[0,0,0,1],"ix":4},"o":{"a":0,"k":100,"ix":5},"r":1,"bm":0,"nm":"Fill 1","mn":"ADBE Vector Graphic - Fill","hd":false},{"ty":"tr","p":{"a":0,"k":[544.854,544.887],"ix":2},"a":{"a":0,"k":[0,0],"ix":1},"s":{"a":0,"k":[100,100],"ix":3},"r":{"a":0,"k":0,"ix":6},"o":{"a":0,"k":100,"ix":7},"sk":{"a":0,"k":0,"ix":4},"sa":{"a":0,"k":0,"ix":5},"nm":"Transform"}],"nm":"Group 7","np":2,"cix":2,"bm":0,"ix":7,"mn":"ADBE Vector Group","hd":false},{"ty":"gr","it":[{"ind":0,"ty":"sh","ix":1,"ks":{"a":0,"k":{"i":[[0,0],[0.459,0.831],[1.211,0],[0.469,-0.859],[0,-2.734],[0,0],[-0.459,-0.83],[-1.211,0],[-0.469,0.85],[0,2.734]],"o":[[0,-2.793],[-0.459,-0.83],[-1.192,0],[-0.468,0.86],[0,0],[0,2.774],[0.459,0.83],[1.191,0],[0.469,-0.85],[0,0]],"v":[[3.194,-8.965],[2.505,-14.4],[0,-15.645],[-2.49,-14.356],[-3.193,-8.965],[-3.193,8.906],[-2.504,14.311],[0,15.557],[2.491,14.282],[3.194,8.906]],"c":true},"ix":2},"nm":"Path 1","mn":"ADBE Vector Shape - Group","hd":false},{"ind":1,"ty":"sh","ix":2,"ks":{"a":0,"k":{"i":[[0,-5.84],[0,0],[1.767,-2.197],[4.511,0],[1.758,2.177],[0,5.898],[0,0],[-1.758,2.177],[-4.532,0],[-1.758,-2.178]],"o":[[0,0],[0,5.859],[-1.768,2.198],[-4.532,0],[-1.758,-2.178],[0,0],[0,-5.84],[1.758,-2.178],[4.531,0],[1.758,2.177]],"v":[[12.07,-7.002],[12.07,6.914],[9.419,18.998],[0,22.294],[-9.433,19.029],[-12.07,6.914],[-12.07,-7.002],[-9.433,-19.028],[0,-22.294],[9.434,-19.028]],"c":true},"ix":2},"nm":"Path 2","mn":"ADBE Vector Shape - Group","hd":false},{"ty":"mm","mm":1,"nm":"Merge Paths 1","mn":"ADBE Vector Filter - Merge","hd":false},{"ty":"fl","c":{"a":0,"k":[0,0,0,1],"ix":4},"o":{"a":0,"k":100,"ix":5},"r":1,"bm":0,"nm":"Fill 1","mn":"ADBE Vector Graphic - Fill","hd":false},{"ty":"tr","p":{"a":0,"k":[514.165,544.931],"ix":2},"a":{"a":0,"k":[0,0],"ix":1},"s":{"a":0,"k":[100,100],"ix":3},"r":{"a":0,"k":0,"ix":6},"o":{"a":0,"k":100,"ix":7},"sk":{"a":0,"k":0,"ix":4},"sa":{"a":0,"k":0,"ix":5},"nm":"Transform"}],"nm":"Group 8","np":4,"cix":2,"bm":0,"ix":8,"mn":"ADBE Vector Group","hd":false},{"ty":"gr","it":[{"ind":0,"ty":"sh","ix":1,"ks":{"a":0,"k":{"i":[[0,-3.379],[0,0],[0,0],[0,0],[0.332,0.469],[0.821,0],[0.313,-0.459],[0,-1.172],[0,0],[-0.537,-0.85],[-1.523,-1.133],[0,0],[-0.391,-0.293],[-0.645,-1.075],[-0.215,-0.986],[0,-1.387],[0,0],[2.06,-1.797],[3.828,0],[1.709,1.68],[0,3.887],[0,0],[0,0],[0,0],[-0.391,-0.557],[-0.937,0],[-0.371,0.518],[0,1.406],[0,0],[0.527,0.889],[1.972,1.446],[0,0],[0.762,1.504],[0,2.07],[0,0],[-2.1,1.787],[-3.516,0],[-1.699,-1.729]],"o":[[0,0],[0,0],[0,0],[0,-1.152],[-0.332,-0.468],[-0.801,0],[-0.312,0.459],[0,0],[0,1.093],[0.537,0.849],[0,0],[0.196,0.137],[1.758,1.289],[0.488,0.8],[0.215,0.987],[0,0],[0,3.339],[-2.061,1.797],[-3.907,0],[-1.709,-1.68],[0,0],[0,0],[0,0],[0,1.328],[0.391,0.556],[0.938,0],[0.371,-0.517],[0,0],[0,-1.211],[-0.528,-0.888],[0,0],[-1.757,-1.309],[-0.762,-1.504],[0,0],[0,-2.911],[2.1,-1.787],[3.32,0],[1.699,1.728]],"v":[[11.104,-12.041],[11.104,-8.789],[2.402,-8.789],[2.402,-12.627],[1.905,-15.058],[0.176,-15.761],[-1.495,-15.073],[-1.962,-12.627],[-1.962,-9.813],[-1.158,-6.898],[1.934,-3.925],[5.595,-1.172],[6.474,-0.526],[10.078,3.018],[11.133,5.698],[11.456,9.258],[11.456,11.896],[8.365,19.599],[-0.469,22.294],[-8.892,19.776],[-11.456,11.427],[-11.456,8.232],[-2.52,8.232],[-2.52,11.896],[-1.934,14.722],[0.059,15.557],[2.022,14.781],[2.578,11.896],[2.578,10.226],[1.788,7.076],[-1.962,3.575],[-5.625,0.792],[-9.405,-3.427],[-10.547,-8.789],[-10.547,-12.568],[-7.397,-19.614],[1.026,-22.294],[8.555,-19.701]],"c":true},"ix":2},"nm":"Path 1","mn":"ADBE Vector Shape - Group","hd":false},{"ty":"fl","c":{"a":0,"k":[0,0,0,1],"ix":4},"o":{"a":0,"k":100,"ix":5},"r":1,"bm":0,"nm":"Fill 1","mn":"ADBE Vector Graphic - Fill","hd":false},{"ty":"tr","p":{"a":0,"k":[485.484,544.931],"ix":2},"a":{"a":0,"k":[0,0],"ix":1},"s":{"a":0,"k":[100,100],"ix":3},"r":{"a":0,"k":0,"ix":6},"o":{"a":0,"k":100,"ix":7},"sk":{"a":0,"k":0,"ix":4},"sa":{"a":0,"k":0,"ix":5},"nm":"Transform"}],"nm":"Group 9","np":2,"cix":2,"bm":0,"ix":9,"mn":"ADBE Vector Group","hd":false},{"ty":"gr","it":[{"ind":0,"ty":"sh","ix":1,"ks":{"a":0,"k":{"i":[[0,0],[0,0],[0,0],[-0.665,0.713],[0,1.856],[0,0],[0.664,0.713],[1.738,0]],"o":[[0,0],[0,0],[1.738,0],[0.664,-0.713],[0,0],[0,-1.856],[-0.665,-0.713],[0,0]],"v":[[-3.002,-15.161],[-3.002,-3.003],[-2.211,-3.003],[1.393,-4.072],[2.389,-7.925],[2.389,-10.239],[1.393,-14.092],[-2.211,-15.161]],"c":true},"ix":2},"nm":"Path 1","mn":"ADBE Vector Shape - Group","hd":false},{"ind":1,"ty":"sh","ix":2,"ks":{"a":0,"k":{"i":[[0,0],[0,0],[-1.846,-1.562],[0,-3.554],[0,0],[1.328,-1.504],[3.067,-0.449],[-1.269,-1.582],[0,-3.848],[0,0],[0,0],[0,0],[0.595,0.576],[1.797,0],[0,0],[0,0],[0,0]],"o":[[0,0],[4.238,0],[1.846,1.563],[0,0],[0,3.105],[-1.328,1.504],[3.184,0.274],[1.27,1.582],[0,0],[0,0],[0,0],[0,-2.168],[-0.596,-0.576],[0,0],[0,0],[0,0],[0,0]],"v":[[-11.352,-21.606],[-0.541,-21.606],[8.585,-19.263],[11.353,-11.587],[11.353,-9.77],[9.361,-2.856],[2.769,0.073],[9.449,2.857],[11.353,11.001],[11.353,21.606],[2.447,21.606],[2.447,8.335],[1.554,4.219],[-2.035,3.355],[-3.002,3.355],[-3.002,21.606],[-11.352,21.606]],"c":true},"ix":2},"nm":"Path 2","mn":"ADBE Vector Shape - Group","hd":false},{"ty":"mm","mm":1,"nm":"Merge Paths 1","mn":"ADBE Vector Filter - Merge","hd":false},{"ty":"fl","c":{"a":0,"k":[0,0,0,1],"ix":4},"o":{"a":0,"k":100,"ix":5},"r":1,"bm":0,"nm":"Fill 1","mn":"ADBE Vector Graphic - Fill","hd":false},{"ty":"tr","p":{"a":0,"k":[457.695,544.887],"ix":2},"a":{"a":0,"k":[0,0],"ix":1},"s":{"a":0,"k":[100,100],"ix":3},"r":{"a":0,"k":0,"ix":6},"o":{"a":0,"k":100,"ix":7},"sk":{"a":0,"k":0,"ix":4},"sa":{"a":0,"k":0,"ix":5},"nm":"Transform"}],"nm":"Group 10","np":4,"cix":2,"bm":0,"ix":10,"mn":"ADBE Vector Group","hd":false},{"ty":"gr","it":[{"ind":0,"ty":"sh","ix":1,"ks":{"a":0,"k":{"i":[[0,0],[0,0],[0,0],[0,0],[0,0],[0,0],[0,0],[0,0],[0,0],[0,0],[0,0],[0,0]],"o":[[0,0],[0,0],[0,0],[0,0],[0,0],[0,0],[0,0],[0,0],[0,0],[0,0],[0,0],[0,0]],"v":[[-9.243,-21.606],[8.482,-21.606],[8.482,-14.926],[-0.337,-14.926],[-0.337,-4.321],[7.866,-4.321],[7.866,2.359],[-0.337,2.359],[-0.337,14.957],[9.243,14.957],[9.243,21.606],[-9.243,21.606]],"c":true},"ix":2},"nm":"Path 1","mn":"ADBE Vector Shape - Group","hd":false},{"ty":"fl","c":{"a":0,"k":[0,0,0,1],"ix":4},"o":{"a":0,"k":100,"ix":5},"r":1,"bm":0,"nm":"Fill 1","mn":"ADBE Vector Graphic - Fill","hd":false},{"ty":"tr","p":{"a":0,"k":[432.12,544.887],"ix":2},"a":{"a":0,"k":[0,0],"ix":1},"s":{"a":0,"k":[100,100],"ix":3},"r":{"a":0,"k":0,"ix":6},"o":{"a":0,"k":100,"ix":7},"sk":{"a":0,"k":0,"ix":4},"sa":{"a":0,"k":0,"ix":5},"nm":"Transform"}],"nm":"Group 11","np":2,"cix":2,"bm":0,"ix":11,"mn":"ADBE Vector Group","hd":false},{"ty":"gr","it":[{"ind":0,"ty":"sh","ix":1,"ks":{"a":0,"k":{"i":[[0,0],[0,0],[0,0],[-0.635,0.801],[0,2.071],[0,0],[0.634,0.791],[1.602,0]],"o":[[0,0],[0,0],[1.602,0],[0.634,-0.801],[0,0],[0,-2.051],[-0.635,-0.791],[0,0]],"v":[[-2.812,-15.161],[-2.812,-1.626],[-2.021,-1.626],[1.334,-2.827],[2.286,-7.134],[2.286,-9.712],[1.334,-13.974],[-2.021,-15.161]],"c":true},"ix":2},"nm":"Path 1","mn":"ADBE Vector Shape - Group","hd":false},{"ind":1,"ty":"sh","ix":2,"ks":{"a":0,"k":{"i":[[0,0],[0,0],[-1.953,-1.797],[0,-4.258],[0,0],[1.865,-1.904],[3.945,0],[0,0],[0,0],[0,0]],"o":[[0,0],[4.765,0],[1.953,1.797],[0,0],[0,4.043],[-1.865,1.905],[0,0],[0,0],[0,0],[0,0]],"v":[[-11.162,-21.606],[-1.845,-21.606],[8.233,-18.911],[11.163,-9.829],[11.163,-7.016],[8.365,1.904],[-0.351,4.761],[-2.812,4.761],[-2.812,21.606],[-11.162,21.606]],"c":true},"ix":2},"nm":"Path 2","mn":"ADBE Vector Shape - Group","hd":false},{"ty":"mm","mm":1,"nm":"Merge Paths 1","mn":"ADBE Vector Filter - Merge","hd":false},{"ty":"fl","c":{"a":0,"k":[0,0,0,1],"ix":4},"o":{"a":0,"k":100,"ix":5},"r":1,"bm":0,"nm":"Fill 1","mn":"ADBE Vector Graphic - Fill","hd":false},{"ty":"tr","p":{"a":0,"k":[407.232,544.887],"ix":2},"a":{"a":0,"k":[0,0],"ix":1},"s":{"a":0,"k":[100,100],"ix":3},"r":{"a":0,"k":0,"ix":6},"o":{"a":0,"k":100,"ix":7},"sk":{"a":0,"k":0,"ix":4},"sa":{"a":0,"k":0,"ix":5},"nm":"Transform"}],"nm":"Group 12","np":4,"cix":2,"bm":0,"ix":12,"mn":"ADBE Vector Group","hd":false},{"ty":"gr","it":[{"ind":0,"ty":"sh","ix":1,"ks":{"a":0,"k":{"i":[[0,0],[7.622,0],[0,0],[6.783,6.62],[0,0],[-9.952,9.712],[0,0],[-9.584,0],[0,0],[0,-7.622]],"o":[[0,7.622],[0,0],[-9.584,0],[0,0],[-9.952,-9.711],[0,0],[6.783,-6.619],[0,0],[7.622,0],[0,0]],"v":[[213.727,49.02],[199.926,62.821],[-142.526,62.821],[-168.085,52.484],[-203.775,17.657],[-203.775,-17.658],[-168.085,-52.484],[-142.526,-62.822],[199.926,-62.822],[213.727,-49.021]],"c":true},"ix":2},"nm":"Path 1","mn":"ADBE Vector Shape - Group","hd":false},{"ty":"fl","c":{"a":0,"k":[0.968627510819,0.807843197093,0.137254901961,1],"ix":4},"o":{"a":0,"k":100,"ix":5},"r":1,"bm":0,"nm":"Fill 1","mn":"ADBE Vector Graphic - Fill","hd":false},{"ty":"tr","p":{"a":0,"k":[550.33,544.931],"ix":2},"a":{"a":0,"k":[0,0],"ix":1},"s":{"a":0,"k":[100,100],"ix":3},"r":{"a":0,"k":0,"ix":6},"o":{"a":0,"k":100,"ix":7},"sk":{"a":0,"k":0,"ix":4},"sa":{"a":0,"k":0,"ix":5},"nm":"Transform"}],"nm":"Group 13","np":2,"cix":2,"bm":0,"ix":13,"mn":"ADBE Vector Group","hd":false},{"ty":"tr","p":{"a":1,"k":[{"i":{"x":0,"y":1},"o":{"x":1,"y":0},"t":12.5,"s":[1109.574,544.931],"to":[-93,0],"ti":[93,0]},{"t":22.5,"s":[551.574,544.931]}],"ix":2},"a":{"a":0,"k":[551.574,544.931],"ix":1},"s":{"a":0,"k":[100,100],"ix":3},"r":{"a":0,"k":0,"ix":6},"o":{"a":0,"k":100,"ix":7},"sk":{"a":0,"k":0,"ix":4},"sa":{"a":0,"k":0,"ix":5},"nm":"Transform"}],"nm":"Group 46","np":13,"cix":2,"bm":0,"ix":3,"mn":"ADBE Vector Group","hd":false},{"ty":"gr","it":[{"ty":"gr","it":[{"ind":0,"ty":"sh","ix":1,"ks":{"a":0,"k":{"i":[[0,0],[0,0],[0,0],[0,0],[0,0],[0,0],[0,0],[0,0],[0,0],[0,0],[0,0],[0,0]],"o":[[0,0],[0,0],[0,0],[0,0],[0,0],[0,0],[0,0],[0,0],[0,0],[0,0],[0,0],[0,0]],"v":[[-15.377,-19.753],[-3.818,-21.289],[7.357,14.11],[7.938,14.032],[2.483,-22.126],[9.685,-23.083],[15.378,19.753],[3.703,21.304],[-7.361,-14.139],[-7.941,-14.062],[-2.541,22.134],[-9.685,23.083]],"c":true},"ix":2},"nm":"Path 1","mn":"ADBE Vector Shape - Group","hd":false},{"ty":"fl","c":{"a":0,"k":[0,0,0,1],"ix":4},"o":{"a":0,"k":100,"ix":5},"r":1,"bm":0,"nm":"Fill 1","mn":"ADBE Vector Graphic - Fill","hd":false},{"ty":"tr","p":{"a":0,"k":[664.711,719.756],"ix":2},"a":{"a":0,"k":[0,0],"ix":1},"s":{"a":0,"k":[100,100],"ix":3},"r":{"a":0,"k":0,"ix":6},"o":{"a":0,"k":100,"ix":7},"sk":{"a":0,"k":0,"ix":4},"sa":{"a":0,"k":0,"ix":5},"nm":"Transform"}],"nm":"Group 27","np":2,"cix":2,"bm":0,"ix":1,"mn":"ADBE Vector Group","hd":false},{"ty":"gr","it":[{"ind":0,"ty":"sh","ix":1,"ks":{"a":0,"k":{"i":[[0,0],[0,0],[0,0],[0,0]],"o":[[0,0],[0,0],[0,0],[0,0]],"v":[[-4.597,-14.527],[-4.86,5.724],[0.599,4.998],[-4.365,-14.557]],"c":true},"ix":2},"nm":"Path 1","mn":"ADBE Vector Shape - Group","hd":false},{"ind":1,"ty":"sh","ix":2,"ks":{"a":0,"k":{"i":[[0,0],[0,0],[0,0],[0,0],[0,0],[0,0],[0,0],[0,0]],"o":[[0,0],[0,0],[0,0],[0,0],[0,0],[0,0],[0,0],[0,0]],"v":[[-10.919,-21.193],[0.435,-22.703],[13.214,19.192],[4.646,20.33],[2.321,11.507],[-5.114,12.495],[-5.403,21.666],[-13.214,22.703]],"c":true},"ix":2},"nm":"Path 2","mn":"ADBE Vector Shape - Group","hd":false},{"ty":"mm","mm":1,"nm":"Merge Paths 1","mn":"ADBE Vector Filter - Merge","hd":false},{"ty":"fl","c":{"a":0,"k":[0,0,0,1],"ix":4},"o":{"a":0,"k":100,"ix":5},"r":1,"bm":0,"nm":"Fill 1","mn":"ADBE Vector Graphic - Fill","hd":false},{"ty":"tr","p":{"a":0,"k":[638.269,724.118],"ix":2},"a":{"a":0,"k":[0,0],"ix":1},"s":{"a":0,"k":[100,100],"ix":3},"r":{"a":0,"k":0,"ix":6},"o":{"a":0,"k":100,"ix":7},"sk":{"a":0,"k":0,"ix":4},"sa":{"a":0,"k":0,"ix":5},"nm":"Transform"}],"nm":"Group 28","np":4,"cix":2,"bm":0,"ix":2,"mn":"ADBE Vector Group","hd":false},{"ty":"gr","it":[{"ind":0,"ty":"sh","ix":1,"ks":{"a":0,"k":{"i":[[0,0],[0.564,0.762],[1.2,-0.16],[0.352,-0.913],[-0.36,-2.711],[0,0],[-0.564,-0.761],[-1.201,0.159],[-0.352,0.904],[0.36,2.711]],"o":[[-0.368,-2.77],[-0.565,-0.762],[-1.182,0.156],[-0.351,0.914],[0,0],[0.366,2.75],[0.564,0.763],[1.181,-0.159],[0.353,-0.905],[0,0]],"v":[[1.99,-9.307],[0.592,-14.604],[-2.055,-15.508],[-4.354,-13.903],[-4.341,-8.466],[-1.987,9.249],[-0.592,14.517],[2.055,15.422],[4.355,13.831],[4.344,8.409]],"c":true},"ix":2},"nm":"Path 1","mn":"ADBE Vector Shape - Group","hd":false},{"ind":1,"ty":"sh","ix":2,"ks":{"a":0,"k":{"i":[[-0.77,-5.789],[0,0],[1.464,-2.411],[4.472,-0.595],[2.029,1.928],[0.777,5.848],[0,0],[-1.456,2.39],[-4.492,0.596],[-2.028,-1.928]],"o":[[0,0],[0.771,5.809],[-1.462,2.412],[-4.492,0.596],[-2.03,-1.928],[0,0],[-0.77,-5.789],[1.455,-2.39],[4.491,-0.598],[2.031,1.927]],"v":[[11.049,-8.531],[12.882,5.263],[11.844,17.592],[2.943,22.102],[-6.839,20.106],[-11.049,8.443],[-12.882,-5.352],[-11.853,-17.62],[-2.931,-22.1],[6.849,-20.104]],"c":true},"ix":2},"nm":"Path 2","mn":"ADBE Vector Shape - Group","hd":false},{"ty":"mm","mm":1,"nm":"Merge Paths 1","mn":"ADBE Vector Filter - Merge","hd":false},{"ty":"fl","c":{"a":0,"k":[0,0,0,1],"ix":4},"o":{"a":0,"k":100,"ix":5},"r":1,"bm":0,"nm":"Fill 1","mn":"ADBE Vector Graphic - Fill","hd":false},{"ty":"tr","p":{"a":0,"k":[606.876,727.485],"ix":2},"a":{"a":0,"k":[0,0],"ix":1},"s":{"a":0,"k":[100,100],"ix":3},"r":{"a":0,"k":0,"ix":6},"o":{"a":0,"k":100,"ix":7},"sk":{"a":0,"k":0,"ix":4},"sa":{"a":0,"k":0,"ix":5},"nm":"Transform"}],"nm":"Group 29","np":4,"cix":2,"bm":0,"ix":3,"mn":"ADBE Vector Group","hd":false},{"ty":"gr","it":[{"ind":0,"ty":"sh","ix":1,"ks":{"a":0,"k":{"i":[[0,0],[0,0],[0,0],[0,0],[0,0],[0,0]],"o":[[0,0],[0,0],[0,0],[0,0],[0,0],[0,0]],"v":[[-12.343,-20.831],[-3.514,-22.005],[1.303,14.239],[11.467,12.889],[12.343,19.481],[-6.651,22.005]],"c":true},"ix":2},"nm":"Path 1","mn":"ADBE Vector Shape - Group","hd":false},{"ty":"fl","c":{"a":0,"k":[0,0,0,1],"ix":4},"o":{"a":0,"k":100,"ix":5},"r":1,"bm":0,"nm":"Fill 1","mn":"ADBE Vector Graphic - Fill","hd":false},{"ty":"tr","p":{"a":0,"k":[582.741,731.324],"ix":2},"a":{"a":0,"k":[0,0],"ix":1},"s":{"a":0,"k":[100,100],"ix":3},"r":{"a":0,"k":0,"ix":6},"o":{"a":0,"k":100,"ix":7},"sk":{"a":0,"k":0,"ix":4},"sa":{"a":0,"k":0,"ix":5},"nm":"Transform"}],"nm":"Group 30","np":2,"cix":2,"bm":0,"ix":4,"mn":"ADBE Vector Group","hd":false},{"ty":"gr","it":[{"ind":0,"ty":"sh","ix":1,"ks":{"a":0,"k":{"i":[[0,0],[0.564,0.763],[1.2,-0.159],[0.351,-0.914],[-0.36,-2.711],[0,0],[-0.564,-0.762],[-1.2,0.159],[-0.352,0.904],[0.36,2.711]],"o":[[-0.368,-2.769],[-0.565,-0.762],[-1.181,0.157],[-0.351,0.913],[0,0],[0.366,2.75],[0.564,0.763],[1.182,-0.158],[0.353,-0.904],[0,0]],"v":[[1.99,-9.308],[0.592,-14.605],[-2.056,-15.509],[-4.354,-13.903],[-4.341,-8.467],[-1.987,9.248],[-0.592,14.516],[2.054,15.421],[4.355,13.829],[4.344,8.407]],"c":true},"ix":2},"nm":"Path 1","mn":"ADBE Vector Shape - Group","hd":false},{"ind":1,"ty":"sh","ix":2,"ks":{"a":0,"k":{"i":[[-0.77,-5.789],[0,0],[1.463,-2.41],[4.473,-0.595],[2.03,1.927],[0.777,5.847],[0,0],[-1.455,2.389],[-4.491,0.597],[-2.028,-1.928]],"o":[[0,0],[0.771,5.809],[-1.462,2.413],[-4.491,0.597],[-2.029,-1.928],[0,0],[-0.77,-5.789],[1.456,-2.391],[4.492,-0.597],[2.03,1.927]],"v":[[11.049,-8.532],[12.882,5.263],[11.844,17.591],[2.942,22.1],[-6.84,20.105],[-11.049,8.443],[-12.882,-5.352],[-11.854,-17.62],[-2.932,-22.101],[6.849,-20.106]],"c":true},"ix":2},"nm":"Path 2","mn":"ADBE Vector Shape - Group","hd":false},{"ty":"mm","mm":1,"nm":"Merge Paths 1","mn":"ADBE Vector Filter - Merge","hd":false},{"ty":"fl","c":{"a":0,"k":[0,0,0,1],"ix":4},"o":{"a":0,"k":100,"ix":5},"r":1,"bm":0,"nm":"Fill 1","mn":"ADBE Vector Graphic - Fill","hd":false},{"ty":"tr","p":{"a":0,"k":[542.258,736.073],"ix":2},"a":{"a":0,"k":[0,0],"ix":1},"s":{"a":0,"k":[100,100],"ix":3},"r":{"a":0,"k":0,"ix":6},"o":{"a":0,"k":100,"ix":7},"sk":{"a":0,"k":0,"ix":4},"sa":{"a":0,"k":0,"ix":5},"nm":"Transform"}],"nm":"Group 31","np":4,"cix":2,"bm":0,"ix":5,"mn":"ADBE Vector Group","hd":false},{"ty":"gr","it":[{"ind":0,"ty":"sh","ix":1,"ks":{"a":0,"k":{"i":[[0,0],[0,0],[0,0],[0,0],[0,0],[0,0],[0,0],[0,0]],"o":[[0,0],[0,0],[0,0],[0,0],[0,0],[0,0],[0,0],[0,0]],"v":[[-11.592,-19.498],[10.712,-22.462],[11.592,-15.841],[4.97,-14.961],[9.783,21.254],[0.693,22.462],[-4.119,-13.753],[-10.712,-12.877]],"c":true},"ix":2},"nm":"Path 1","mn":"ADBE Vector Shape - Group","hd":false},{"ty":"fl","c":{"a":0,"k":[0,0,0,1],"ix":4},"o":{"a":0,"k":100,"ix":5},"r":1,"bm":0,"nm":"Fill 1","mn":"ADBE Vector Graphic - Fill","hd":false},{"ty":"tr","p":{"a":0,"k":[513.017,739.157],"ix":2},"a":{"a":0,"k":[0,0],"ix":1},"s":{"a":0,"k":[100,100],"ix":3},"r":{"a":0,"k":0,"ix":6},"o":{"a":0,"k":100,"ix":7},"sk":{"a":0,"k":0,"ix":4},"sa":{"a":0,"k":0,"ix":5},"nm":"Transform"}],"nm":"Group 32","np":2,"cix":2,"bm":0,"ix":6,"mn":"ADBE Vector Group","hd":false},{"ty":"gr","it":[{"ind":0,"ty":"sh","ix":1,"ks":{"a":0,"k":{"i":[[0,0],[0,0],[0,0],[-0.536,-0.775],[-1.123,0.15],[-0.307,0.888],[0.362,2.73],[0,0],[0,0],[0,0],[1.441,-2.417],[4.415,-0.586],[2.001,1.932],[0.777,5.847]],"o":[[0,0],[0,0],[0.363,2.731],[0.536,0.775],[1.104,-0.146],[0.305,-0.888],[0,0],[0,0],[0,0],[0.77,5.789],[-1.443,2.42],[-4.395,0.584],[-2,-1.93],[0,0]],"v":[[-14.043,-19.729],[-5.214,-20.901],[-1.189,9.388],[0.16,14.648],[2.649,15.587],[4.764,14.036],[4.678,8.609],[0.652,-21.681],[9.51,-22.858],[13.272,5.458],[12.264,17.767],[3.479,22.275],[-6.114,20.254],[-10.28,8.587]],"c":true},"ix":2},"nm":"Path 1","mn":"ADBE Vector Shape - Group","hd":false},{"ty":"fl","c":{"a":0,"k":[0,0,0,1],"ix":4},"o":{"a":0,"k":100,"ix":5},"r":1,"bm":0,"nm":"Fill 1","mn":"ADBE Vector Graphic - Fill","hd":false},{"ty":"tr","p":{"a":0,"k":[488.023,743.035],"ix":2},"a":{"a":0,"k":[0,0],"ix":1},"s":{"a":0,"k":[100,100],"ix":3},"r":{"a":0,"k":0,"ix":6},"o":{"a":0,"k":100,"ix":7},"sk":{"a":0,"k":0,"ix":4},"sa":{"a":0,"k":0,"ix":5},"nm":"Transform"}],"nm":"Group 33","np":2,"cix":2,"bm":0,"ix":7,"mn":"ADBE Vector Group","hd":false},{"ty":"gr","it":[{"ind":0,"ty":"sh","ix":1,"ks":{"a":0,"k":{"i":[[0,0],[0,0],[0,0],[0,0]],"o":[[0,0],[0,0],[0,0],[0,0]],"v":[[-4.597,-14.527],[-4.861,5.723],[0.599,4.997],[-4.365,-14.558]],"c":true},"ix":2},"nm":"Path 1","mn":"ADBE Vector Shape - Group","hd":false},{"ind":1,"ty":"sh","ix":2,"ks":{"a":0,"k":{"i":[[0,0],[0,0],[0,0],[0,0],[0,0],[0,0],[0,0],[0,0]],"o":[[0,0],[0,0],[0,0],[0,0],[0,0],[0,0],[0,0],[0,0]],"v":[[-10.92,-21.194],[0.435,-22.703],[13.214,19.191],[4.646,20.329],[2.322,11.506],[-5.113,12.494],[-5.402,21.664],[-13.214,22.703]],"c":true},"ix":2},"nm":"Path 2","mn":"ADBE Vector Shape - Group","hd":false},{"ty":"mm","mm":1,"nm":"Merge Paths 1","mn":"ADBE Vector Filter - Merge","hd":false},{"ty":"fl","c":{"a":0,"k":[0,0,0,1],"ix":4},"o":{"a":0,"k":100,"ix":5},"r":1,"bm":0,"nm":"Fill 1","mn":"ADBE Vector Graphic - Fill","hd":false},{"ty":"tr","p":{"a":0,"k":[462.916,747.423],"ix":2},"a":{"a":0,"k":[0,0],"ix":1},"s":{"a":0,"k":[100,100],"ix":3},"r":{"a":0,"k":0,"ix":6},"o":{"a":0,"k":100,"ix":7},"sk":{"a":0,"k":0,"ix":4},"sa":{"a":0,"k":0,"ix":5},"nm":"Transform"}],"nm":"Group 34","np":4,"cix":2,"bm":0,"ix":8,"mn":"ADBE Vector Group","hd":false},{"ty":"gr","it":[{"ind":0,"ty":"sh","ix":1,"ks":{"a":0,"k":{"i":[[0,0],[-7.556,1.004],[0,0],[-5.852,7.455],[0,0],[11.144,8.316],[0,0],[9.5,-1.263],[0,0],[-1.004,-7.556]],"o":[[1.004,7.556],[0,0],[9.5,-1.263],[0,0],[8.586,-10.938],[0,0],[-7.596,-5.668],[0,0],[-7.555,1.004],[0,0]],"v":[[-202.2,73.097],[-186.701,84.96],[152.767,39.847],[176.741,26.233],[207.532,-12.992],[202.88,-48],[162.913,-77.821],[136.215,-84.701],[-203.253,-39.588],[-215.115,-24.089]],"c":true},"ix":2},"nm":"Path 1","mn":"ADBE Vector Shape - Group","hd":false},{"ty":"fl","c":{"a":0,"k":[0.968627510819,0.807843197093,0.137254901961,1],"ix":4},"o":{"a":0,"k":100,"ix":5},"r":1,"bm":0,"nm":"Fill 1","mn":"ADBE Vector Graphic - Fill","hd":false},{"ty":"tr","p":{"a":0,"k":[564.915,733.371],"ix":2},"a":{"a":0,"k":[0,0],"ix":1},"s":{"a":0,"k":[100,100],"ix":3},"r":{"a":0,"k":0,"ix":6},"o":{"a":0,"k":100,"ix":7},"sk":{"a":0,"k":0,"ix":4},"sa":{"a":0,"k":0,"ix":5},"nm":"Transform"}],"nm":"Group 35","np":2,"cix":2,"bm":0,"ix":9,"mn":"ADBE Vector Group","hd":false},{"ty":"tr","p":{"a":1,"k":[{"i":{"x":0,"y":1},"o":{"x":1,"y":0},"t":15,"s":[6.707,733.4],"to":[92.833,0],"ti":[-92.833,0]},{"t":25,"s":[563.707,733.4]}],"ix":2},"a":{"a":0,"k":[563.707,733.4],"ix":1},"s":{"a":0,"k":[100,100],"ix":3},"r":{"a":0,"k":0,"ix":6},"o":{"a":0,"k":100,"ix":7},"sk":{"a":0,"k":0,"ix":4},"sa":{"a":0,"k":0,"ix":5},"nm":"Transform"}],"nm":"Group 48","np":9,"cix":2,"bm":0,"ix":4,"mn":"ADBE Vector Group","hd":false},{"ty":"gr","it":[{"ind":0,"ty":"sh","ix":1,"ks":{"a":0,"k":{"i":[[6.568,0],[0,0],[0,5.951],[0,0],[-11.928,0],[0,-10.807],[0,0]],"o":[[0,0],[-6.569,0],[0,0],[0,-10.807],[11.927,0],[0,0],[0,5.951]],"v":[[9.704,465.477],[-9.704,465.477],[-21.597,454.702],[-21.597,-445.909],[0,-465.477],[21.597,-445.909],[21.597,454.702]],"c":true},"ix":2},"nm":"Path 1","mn":"ADBE Vector Shape - Group","hd":false},{"ty":"fl","c":{"a":0,"k":[0.305882352941,0.305882352941,0.305882352941,1],"ix":4},"o":{"a":0,"k":100,"ix":5},"r":1,"bm":0,"nm":"Fill 1","mn":"ADBE Vector Graphic - Fill","hd":false},{"ty":"tr","p":{"a":1,"k":[{"i":{"x":0,"y":1},"o":{"x":1,"y":0},"t":0,"s":[561,1643.894],"to":[0,-183.5],"ti":[0,183.5]},{"t":10,"s":[561,542.894]}],"ix":2},"a":{"a":0,"k":[0,0],"ix":1},"s":{"a":0,"k":[100,100],"ix":3},"r":{"a":0,"k":0,"ix":6},"o":{"a":0,"k":100,"ix":7},"sk":{"a":0,"k":0,"ix":4},"sa":{"a":0,"k":0,"ix":5},"nm":"Transform"}],"nm":"Group 45","np":2,"cix":2,"bm":0,"ix":5,"mn":"ADBE Vector Group","hd":false}],"ip":0,"op":150,"st":0,"bm":0}],"markers":[]}